{"fragments": [{"start": 0, "end": 0.25, "fragment-type": "normal"}, {"start": 0.25, "end": 3.749999999999993, "fragment-type": "normal"}, {"start": 3.749999999999993, "end": 5.249999999999989, "fragment-type": "normal"}, {"start": 5.249999999999989, "end": 8.750000000000005, "fragment-type": "normal"}]}