{"fragments": [{"start": 0, "end": 1.2500000000000013, "fragment-type": "normal"}, {"start": 1.2500000000000013, "end": 3.7499999999999942, "fragment-type": "normal"}, {"start": 3.7499999999999942, "end": 5.249999999999991, "fragment-type": "normal"}, {"start": 5.249999999999991, "end": 6.749999999999988, "fragment-type": "normal"}]}